id,firstname,lastname,email,profession
100,Lanna,Jorgan,Lanna.Jorgan@yopmail.com,worker
101,Theodora,Lauraine,Theodora.Lauraine@yopmail.com,doctor
102,Iseabal,Peg,Iseabal.Peg@yopmail.com,developer
103,Justinn,Haerr,Justinn.Haerr@yopmail.com,police officer
104,Sherrie,Ludewig,Sherrie.Ludewig@yopmail.com,police officer
105,Kassey,Claudine,Kassey.Claudine@yopmail.com,developer
106,Fanchon,Alcott,Fanchon.Alcott@yopmail.com,developer
107,Dorene,Kamaria,Dorene.Kamaria@yopmail.com,firefighter
108,Hollie,Narton,Hollie.Narton@yopmail.com,doctor
109,Blondelle,Cassius,Blondelle.Cassius@yopmail.com,firefighter
110,Jany,Edison,Jany.Edison@yopmail.com,firefighter
111,Roseline,O'Rourke,Roseline.O'Rourke@yopmail.com,developer
112,Barbi,Mintz,Barbi.Mintz@yopmail.com,worker
113,Rivalee,Florina,Rivalee.Florina@yopmail.com,developer
114,Merrie,Aldric,Merrie.Aldric@yopmail.com,worker
115,Tatiania,Cookie,Tatiania.Cookie@yopmail.com,developer
116,Camile,Oriana,Camile.Oriana@yopmail.com,worker
117,Dolli,Paine,Dolli.Paine@yopmail.com,worker
118,Etta,Mendez,Etta.Mendez@yopmail.com,developer
119,Barbara,Bonucci,Barbara.Bonucci@yopmail.com,developer
120,Annecorinne,Codding,Annecorinne.Codding@yopmail.com,firefighter
121,Vivia,Han,Vivia.Han@yopmail.com,doctor
122,Althea,Dosia,Althea.Dosia@yopmail.com,developer
123,Ardeen,Rheingold,Ardeen.Rheingold@yopmail.com,police officer
124,Sandie,Kylander,Sandie.Kylander@yopmail.com,doctor
125,Quintina,Stacy,Quintina.Stacy@yopmail.com,doctor
126,Florie,Fiester,Florie.Fiester@yopmail.com,doctor
127,Chickie,Tybald,Chickie.Tybald@yopmail.com,worker
128,Kassey,Marisa,Kassey.Marisa@yopmail.com,doctor
129,Kate,Seagraves,Kate.Seagraves@yopmail.com,worker
130,Lucille,Wilona,Lucille.Wilona@yopmail.com,doctor
131,Margette,Woodberry,Margette.Woodberry@yopmail.com,police officer
132,Donnie,Lay,Donnie.Lay@yopmail.com,firefighter
133,Althea,Gavrila,Althea.Gavrila@yopmail.com,police officer
134,Kerrin,Abernon,Kerrin.Abernon@yopmail.com,doctor
135,Abbie,Rosalba,Abbie.Rosalba@yopmail.com,developer
136,Genovera,Kimmie,Genovera.Kimmie@yopmail.com,police officer
137,Farrah,Destinee,Farrah.Destinee@yopmail.com,developer
138,Sheree,Vary,Sheree.Vary@yopmail.com,doctor
139,Nollie,Riva,Nollie.Riva@yopmail.com,worker
140,Shirlee,Libna,Shirlee.Libna@yopmail.com,worker
141,Lilith,Munn,Lilith.Munn@yopmail.com,firefighter
142,Alisha,Billye,Alisha.Billye@yopmail.com,police officer
143,Larine,Hunfredo,Larine.Hunfredo@yopmail.com,doctor
144,Nelle,Hubert,Nelle.Hubert@yopmail.com,doctor
145,Consuela,Eno,Consuela.Eno@yopmail.com,doctor
146,Di,Ummersen,Di.Ummersen@yopmail.com,firefighter
147,Viviene,Barney,Viviene.Barney@yopmail.com,police officer
148,Pierette,Tillford,Pierette.Tillford@yopmail.com,doctor
149,Micheline,Lenny,Micheline.Lenny@yopmail.com,worker
150,Tersina,Leifeste,Tersina.Leifeste@yopmail.com,developer
151,Jany,Destinee,Jany.Destinee@yopmail.com,doctor
152,Agnese,Raychel,Agnese.Raychel@yopmail.com,worker
153,Gerrie,Xerxes,Gerrie.Xerxes@yopmail.com,worker
154,Aaren,Fosque,Aaren.Fosque@yopmail.com,firefighter
155,Etta,Sabella,Etta.Sabella@yopmail.com,developer
156,Gwenneth,Aurelio,Gwenneth.Aurelio@yopmail.com,developer
157,Verla,Devlen,Verla.Devlen@yopmail.com,doctor
158,Brianna,Tufts,Brianna.Tufts@yopmail.com,firefighter
159,Madeleine,Hillel,Madeleine.Hillel@yopmail.com,doctor
160,Yvonne,Olin,Yvonne.Olin@yopmail.com,developer
161,Diena,Claudine,Diena.Claudine@yopmail.com,doctor
162,Bernardine,Loring,Bernardine.Loring@yopmail.com,developer
163,Kathi,Schalles,Kathi.Schalles@yopmail.com,worker
164,Benita,Konyn,Benita.Konyn@yopmail.com,police officer
165,Leontine,Posner,Leontine.Posner@yopmail.com,firefighter
166,Imojean,Behre,Imojean.Behre@yopmail.com,doctor
167,Christal,Harned,Christal.Harned@yopmail.com,worker
168,Rhea,Idelia,Rhea.Idelia@yopmail.com,firefighter
169,Linet,Junie,Linet.Junie@yopmail.com,firefighter
170,Carly,Knowling,Carly.Knowling@yopmail.com,doctor
171,Janis,Ivens,Janis.Ivens@yopmail.com,worker
172,Cristine,Uird,Cristine.Uird@yopmail.com,worker
173,Keelia,Bendick,Keelia.Bendick@yopmail.com,firefighter
174,Steffane,Orelee,Steffane.Orelee@yopmail.com,developer
175,Rozele,Primalia,Rozele.Primalia@yopmail.com,doctor
176,Charlena,Cecile,Charlena.Cecile@yopmail.com,worker
177,Madelle,Reneta,Madelle.Reneta@yopmail.com,worker
178,Gabriellia,Mehalek,Gabriellia.Mehalek@yopmail.com,firefighter
179,Beatriz,Jeanne,Beatriz.Jeanne@yopmail.com,doctor
180,Averyl,Fink,Averyl.Fink@yopmail.com,worker
181,Sashenka,Johnsson,Sashenka.Johnsson@yopmail.com,firefighter
182,Jenilee,Remmer,Jenilee.Remmer@yopmail.com,worker
183,Loree,Land,Loree.Land@yopmail.com,worker
184,Catharine,Alfons,Catharine.Alfons@yopmail.com,police officer
185,Sharlene,Redmond,Sharlene.Redmond@yopmail.com,worker
186,Gaylene,Halsey,Gaylene.Halsey@yopmail.com,doctor
187,Shell,Mott,Shell.Mott@yopmail.com,developer
188,Nita,Wenda,Nita.Wenda@yopmail.com,doctor
189,Madeleine,Darrell,Madeleine.Darrell@yopmail.com,doctor
190,Justinn,Fax,Justinn.Fax@yopmail.com,police officer
191,Kerrin,Haldas,Kerrin.Haldas@yopmail.com,worker
192,Merry,Imelida,Merry.Imelida@yopmail.com,worker
193,Tilly,Cristi,Tilly.Cristi@yopmail.com,worker
194,Ronna,Cleavland,Ronna.Cleavland@yopmail.com,firefighter
195,Josephine,Sherrie,Josephine.Sherrie@yopmail.com,police officer
196,Annabela,Cynar,Annabela.Cynar@yopmail.com,firefighter
197,Elmira,Christal,Elmira.Christal@yopmail.com,worker
198,Carmela,Cookie,Carmela.Cookie@yopmail.com,developer
199,Kaja,Han,Kaja.Han@yopmail.com,worker
200,Paule,Kinnard,Paule.Kinnard@yopmail.com,doctor
201,Lelah,Afton,Lelah.Afton@yopmail.com,firefighter
202,Randa,Lalitta,Randa.Lalitta@yopmail.com,developer
203,Deane,Beebe,Deane.Beebe@yopmail.com,developer
204,Bettine,Giff,Bettine.Giff@yopmail.com,police officer
205,Brianna,Lia,Brianna.Lia@yopmail.com,doctor
206,Abbie,Mendez,Abbie.Mendez@yopmail.com,doctor
207,Phylis,Erlandson,Phylis.Erlandson@yopmail.com,firefighter
208,Clarice,Kirstin,Clarice.Kirstin@yopmail.com,police officer
209,Fidelia,Halsey,Fidelia.Halsey@yopmail.com,firefighter
210,Kaja,Jagir,Kaja.Jagir@yopmail.com,developer
211,Georgetta,Arquit,Georgetta.Arquit@yopmail.com,doctor
212,Hyacinthe,Himelman,Hyacinthe.Himelman@yopmail.com,doctor
213,Edee,Barrus,Edee.Barrus@yopmail.com,worker
214,Clementine,Hewitt,Clementine.Hewitt@yopmail.com,developer
215,Angela,Jerold,Angela.Jerold@yopmail.com,doctor
216,Petronia,Vharat,Petronia.Vharat@yopmail.com,police officer
217,Ulrike,McGrody,Ulrike.McGrody@yopmail.com,worker
218,Rivalee,Lory,Rivalee.Lory@yopmail.com,firefighter
219,Halette,Eckblad,Halette.Eckblad@yopmail.com,developer
220,Rubie,Iphlgenia,Rubie.Iphlgenia@yopmail.com,police officer
221,Tomasina,Loeb,Tomasina.Loeb@yopmail.com,worker
222,Albertina,Berne,Albertina.Berne@yopmail.com,doctor
223,Anthia,Terencio,Anthia.Terencio@yopmail.com,doctor
224,Binny,Simmonds,Binny.Simmonds@yopmail.com,doctor
225,Melina,Modie,Melina.Modie@yopmail.com,doctor
226,Lanna,Beebe,Lanna.Beebe@yopmail.com,firefighter
227,Inga,Estella,Inga.Estella@yopmail.com,firefighter
228,Calla,Westphal,Calla.Westphal@yopmail.com,police officer
229,Imojean,Burch,Imojean.Burch@yopmail.com,firefighter
230,Daune,Parsaye,Daune.Parsaye@yopmail.com,doctor
231,Roxane,Giff,Roxane.Giff@yopmail.com,firefighter
232,Ermengarde,Tound,Ermengarde.Tound@yopmail.com,worker
233,Abbie,Darian,Abbie.Darian@yopmail.com,doctor
234,Shandie,Bergman,Shandie.Bergman@yopmail.com,police officer
235,Stevana,Mata,Stevana.Mata@yopmail.com,worker
236,Linzy,Virgin,Linzy.Virgin@yopmail.com,police officer
237,Bernardine,Jena,Bernardine.Jena@yopmail.com,worker
238,Constance,Tremayne,Constance.Tremayne@yopmail.com,firefighter
239,Edith,Brodench,Edith.Brodench@yopmail.com,police officer
240,Ingrid,Harl,Ingrid.Harl@yopmail.com,developer
241,Dorene,Frendel,Dorene.Frendel@yopmail.com,police officer
242,Tersina,Krystle,Tersina.Krystle@yopmail.com,developer
243,Henriette,Geffner,Henriette.Geffner@yopmail.com,doctor
244,Glynnis,Schwejda,Glynnis.Schwejda@yopmail.com,firefighter
245,Jessy,Berard,Jessy.Berard@yopmail.com,developer
246,Nanete,Firmin,Nanete.Firmin@yopmail.com,doctor
247,Leona,Izaak,Leona.Izaak@yopmail.com,police officer
248,Marleah,Trey,Marleah.Trey@yopmail.com,firefighter
249,Lanna,Lissi,Lanna.Lissi@yopmail.com,developer
250,Tatiania,Merna,Tatiania.Merna@yopmail.com,developer
251,Sabina,Ummersen,Sabina.Ummersen@yopmail.com,police officer
252,Ardenia,Urias,Ardenia.Urias@yopmail.com,developer
253,Madeleine,Urias,Madeleine.Urias@yopmail.com,firefighter
254,Cyndie,Graig,Cyndie.Graig@yopmail.com,worker
255,Kerrin,Bollay,Kerrin.Bollay@yopmail.com,developer
256,Dagmar,Cohdwell,Dagmar.Cohdwell@yopmail.com,developer
257,Jordan,Cressida,Jordan.Cressida@yopmail.com,developer
258,Beatriz,Ricarda,Beatriz.Ricarda@yopmail.com,worker
259,Valera,Raul,Valera.Raul@yopmail.com,worker
260,Ursulina,Chandler,Ursulina.Chandler@yopmail.com,worker
261,Jackie,Ovid,Jackie.Ovid@yopmail.com,police officer
262,Gwenneth,Greenwald,Gwenneth.Greenwald@yopmail.com,doctor
263,Alyda,Japeth,Alyda.Japeth@yopmail.com,police officer
264,Renie,Oscar,Renie.Oscar@yopmail.com,developer
265,Zaria,Ardeha,Zaria.Ardeha@yopmail.com,police officer
266,Florie,Letsou,Florie.Letsou@yopmail.com,police officer
267,Gavrielle,Sherrie,Gavrielle.Sherrie@yopmail.com,worker
268,Suzette,Baylor,Suzette.Baylor@yopmail.com,doctor
269,Gabriellia,Baylor,Gabriellia.Baylor@yopmail.com,developer
270,Violet,Breed,Violet.Breed@yopmail.com,police officer
271,Melisent,Celestine,Melisent.Celestine@yopmail.com,developer
272,Elise,Bennie,Elise.Bennie@yopmail.com,police officer
273,Nita,Glenden,Nita.Glenden@yopmail.com,firefighter
274,Mara,Thomasina,Mara.Thomasina@yopmail.com,developer
275,Audrie,Mallon,Audrie.Mallon@yopmail.com,developer
276,Kylynn,Dearborn,Kylynn.Dearborn@yopmail.com,firefighter
277,Valera,Harl,Valera.Harl@yopmail.com,firefighter
278,Dominga,Dannye,Dominga.Dannye@yopmail.com,firefighter
279,Eugine,Delila,Eugine.Delila@yopmail.com,doctor
280,Kassey,Gaal,Kassey.Gaal@yopmail.com,firefighter
281,Nikki,Ulphia,Nikki.Ulphia@yopmail.com,police officer
282,Roxane,Oster,Roxane.Oster@yopmail.com,doctor
283,Sibella,Kaja,Sibella.Kaja@yopmail.com,police officer
284,Jorry,Zeeba,Jorry.Zeeba@yopmail.com,firefighter
285,Debee,Marden,Debee.Marden@yopmail.com,firefighter
286,Minne,Travax,Minne.Travax@yopmail.com,doctor
287,Ezmeralda,Jethro,Ezmeralda.Jethro@yopmail.com,firefighter
288,Ericka,Bebe,Ericka.Bebe@yopmail.com,developer
289,Nariko,Carey,Nariko.Carey@yopmail.com,worker
290,Iseabal,McLaughlin,Iseabal.McLaughlin@yopmail.com,firefighter
291,Carilyn,Chaing,Carilyn.Chaing@yopmail.com,police officer
292,Nananne,Madox,Nananne.Madox@yopmail.com,developer
293,Moyna,Rurik,Moyna.Rurik@yopmail.com,developer
294,Leona,Masao,Leona.Masao@yopmail.com,firefighter
295,Karly,Hoenack,Karly.Hoenack@yopmail.com,worker
296,Rori,Blase,Rori.Blase@yopmail.com,worker
297,Blake,Fabiola,Blake.Fabiola@yopmail.com,firefighter
298,Carree,Donoghue,Carree.Donoghue@yopmail.com,doctor
299,Carol-Jean,Wandie,Carol-Jean.Wandie@yopmail.com,doctor
300,Nataline,Robertson,Nataline.Robertson@yopmail.com,police officer
301,Renie,Stanwood,Renie.Stanwood@yopmail.com,worker
302,Kary,Wilona,Kary.Wilona@yopmail.com,doctor
303,Jennica,Stuart,Jennica.Stuart@yopmail.com,police officer
304,Kara-Lynn,Ariella,Kara-Lynn.Ariella@yopmail.com,worker
305,Sadie,Evangelia,Sadie.Evangelia@yopmail.com,developer
306,Renie,Donell,Renie.Donell@yopmail.com,doctor
307,Linet,Oster,Linet.Oster@yopmail.com,firefighter
308,Beth,Riva,Beth.Riva@yopmail.com,worker
309,June,Grosz,June.Grosz@yopmail.com,worker
310,Gertrud,Felecia,Gertrud.Felecia@yopmail.com,doctor
311,Caressa,Rebecka,Caressa.Rebecka@yopmail.com,firefighter
312,Millie,Bahr,Millie.Bahr@yopmail.com,developer
313,Orelia,Ephrem,Orelia.Ephrem@yopmail.com,doctor
314,Marika,Rurik,Marika.Rurik@yopmail.com,police officer
315,Diena,Bollay,Diena.Bollay@yopmail.com,doctor
316,Ingrid,Levey,Ingrid.Levey@yopmail.com,developer
317,Lelah,Killigrew,Lelah.Killigrew@yopmail.com,doctor
318,Felice,An,Felice.An@yopmail.com,firefighter
319,Morganica,Plato,Morganica.Plato@yopmail.com,firefighter
320,Lita,Fosque,Lita.Fosque@yopmail.com,firefighter
321,Annabela,Alrich,Annabela.Alrich@yopmail.com,developer
322,Talya,Salchunas,Talya.Salchunas@yopmail.com,police officer
323,Bibby,Iphlgenia,Bibby.Iphlgenia@yopmail.com,police officer
324,Gilda,Tannie,Gilda.Tannie@yopmail.com,firefighter
325,Barbara,Fry,Barbara.Fry@yopmail.com,police officer
326,Blinni,Kiyoshi,Blinni.Kiyoshi@yopmail.com,developer
327,Joleen,Slifka,Joleen.Slifka@yopmail.com,worker
328,Millie,Rurik,Millie.Rurik@yopmail.com,developer
329,Lyssa,Goddard,Lyssa.Goddard@yopmail.com,doctor
330,Gavrielle,Devlen,Gavrielle.Devlen@yopmail.com,worker
331,Gavrielle,Glenden,Gavrielle.Glenden@yopmail.com,firefighter
332,Kial,Valoniah,Kial.Valoniah@yopmail.com,firefighter
333,Dorothy,Bartlett,Dorothy.Bartlett@yopmail.com,doctor
334,Gale,Morgun,Gale.Morgun@yopmail.com,police officer
335,Elka,Amand,Elka.Amand@yopmail.com,firefighter
336,Gratia,Tillford,Gratia.Tillford@yopmail.com,developer
337,Adele,McLaughlin,Adele.McLaughlin@yopmail.com,firefighter
338,Robbi,Mitzi,Robbi.Mitzi@yopmail.com,developer
339,Elena,Afton,Elena.Afton@yopmail.com,doctor
340,Sharlene,Dorine,Sharlene.Dorine@yopmail.com,developer
341,Valli,Hamil,Valli.Hamil@yopmail.com,developer
342,Katuscha,Brotherson,Katuscha.Brotherson@yopmail.com,firefighter
343,Shirlee,Parsaye,Shirlee.Parsaye@yopmail.com,firefighter
344,Chastity,Elephus,Chastity.Elephus@yopmail.com,firefighter
345,Sean,Ortrude,Sean.Ortrude@yopmail.com,doctor
346,Basia,Bevin,Basia.Bevin@yopmail.com,developer
347,Sarette,Charity,Sarette.Charity@yopmail.com,worker
348,Malina,Read,Malina.Read@yopmail.com,worker
349,Dale,Ezar,Dale.Ezar@yopmail.com,doctor
350,Albertina,Montgomery,Albertina.Montgomery@yopmail.com,firefighter
351,Alexine,Demitria,Alexine.Demitria@yopmail.com,developer
352,Amalie,Libna,Amalie.Libna@yopmail.com,worker
353,Briney,Selway,Briney.Selway@yopmail.com,firefighter
354,Maryellen,Yusuk,Maryellen.Yusuk@yopmail.com,firefighter
355,Kalina,Tannie,Kalina.Tannie@yopmail.com,developer
356,Leona,Joachim,Leona.Joachim@yopmail.com,doctor
357,Claudina,Ingra,Claudina.Ingra@yopmail.com,doctor
358,Margette,Thema,Margette.Thema@yopmail.com,firefighter
359,Leia,Ellord,Leia.Ellord@yopmail.com,firefighter
360,Jerry,Parsaye,Jerry.Parsaye@yopmail.com,doctor
361,Clo,Gladstone,Clo.Gladstone@yopmail.com,firefighter
362,Konstance,Grobe,Konstance.Grobe@yopmail.com,developer
363,Antonietta,Eachern,Antonietta.Eachern@yopmail.com,firefighter
364,Eadie,Sancho,Eadie.Sancho@yopmail.com,developer
365,Donnie,Capello,Donnie.Capello@yopmail.com,worker
366,Shaine,Erlandson,Shaine.Erlandson@yopmail.com,firefighter
367,Codie,Annabella,Codie.Annabella@yopmail.com,developer
368,Shaylyn,Harned,Shaylyn.Harned@yopmail.com,doctor
369,Desirae,Mandler,Desirae.Mandler@yopmail.com,worker
370,Dacia,Schroth,Dacia.Schroth@yopmail.com,doctor
371,Michaelina,Evvie,Michaelina.Evvie@yopmail.com,worker
372,Veda,Ietta,Veda.Ietta@yopmail.com,developer
373,Rosaline,Socha,Rosaline.Socha@yopmail.com,worker
374,Dotty,Meli,Dotty.Meli@yopmail.com,firefighter
375,Lita,Fosque,Lita.Fosque@yopmail.com,firefighter
376,Lita,Kiersten,Lita.Kiersten@yopmail.com,firefighter
377,Edyth,Vary,Edyth.Vary@yopmail.com,developer
378,Lynea,Dorine,Lynea.Dorine@yopmail.com,doctor
379,Margarette,Damarra,Margarette.Damarra@yopmail.com,police officer
380,Bernie,Aurelio,Bernie.Aurelio@yopmail.com,developer
381,Wanda,Kirstin,Wanda.Kirstin@yopmail.com,developer
382,Rori,Eugenia,Rori.Eugenia@yopmail.com,firefighter
383,Kial,Bryna,Kial.Bryna@yopmail.com,firefighter
384,Netty,Deny,Netty.Deny@yopmail.com,developer
385,Norine,Wooster,Norine.Wooster@yopmail.com,developer
386,Kamilah,Gemini,Kamilah.Gemini@yopmail.com,worker
387,Tani,Lynn,Tani.Lynn@yopmail.com,police officer
388,Florie,Talia,Florie.Talia@yopmail.com,firefighter
389,Annice,Cynar,Annice.Cynar@yopmail.com,doctor
390,Fredericka,Telfer,Fredericka.Telfer@yopmail.com,worker
391,Steffane,Fiester,Steffane.Fiester@yopmail.com,doctor
392,Eugine,Couture,Eugine.Couture@yopmail.com,police officer
393,Edith,Dorothy,Edith.Dorothy@yopmail.com,police officer
394,Wileen,Socha,Wileen.Socha@yopmail.com,police officer
395,Aeriela,Marisa,Aeriela.Marisa@yopmail.com,developer
396,Alejandra,Harriman,Alejandra.Harriman@yopmail.com,developer
397,Orelia,Isacco,Orelia.Isacco@yopmail.com,firefighter
398,Beverley,Fleeta,Beverley.Fleeta@yopmail.com,doctor
399,Alyssa,Edison,Alyssa.Edison@yopmail.com,police officer
400,Patricia,Zina,Patricia.Zina@yopmail.com,firefighter
401,Loree,Montgomery,Loree.Montgomery@yopmail.com,worker
402,Linet,Phi,Linet.Phi@yopmail.com,developer
403,Loree,Sacken,Loree.Sacken@yopmail.com,firefighter
404,Carlie,Lipson,Carlie.Lipson@yopmail.com,developer
405,Deedee,Hedve,Deedee.Hedve@yopmail.com,firefighter
406,Kristan,Riordan,Kristan.Riordan@yopmail.com,firefighter
407,Elie,Gert,Elie.Gert@yopmail.com,police officer
408,Claudina,Gabrielli,Claudina.Gabrielli@yopmail.com,firefighter
409,Steffane,Pearse,Steffane.Pearse@yopmail.com,worker
410,Dari,Trace,Dari.Trace@yopmail.com,doctor
411,Sheelagh,Quent,Sheelagh.Quent@yopmail.com,firefighter
412,Angelique,Deegan,Angelique.Deegan@yopmail.com,firefighter
413,Emylee,Kiersten,Emylee.Kiersten@yopmail.com,worker
414,Marguerite,Buckler,Marguerite.Buckler@yopmail.com,doctor
415,Basia,Bonucci,Basia.Bonucci@yopmail.com,doctor
416,Albertina,Ardra,Albertina.Ardra@yopmail.com,firefighter
417,Lorenza,Karylin,Lorenza.Karylin@yopmail.com,doctor
418,Raquela,Pernick,Raquela.Pernick@yopmail.com,worker
419,Raf,Charmine,Raf.Charmine@yopmail.com,developer
420,Steffane,Othilia,Steffane.Othilia@yopmail.com,police officer
421,Gilda,Kaja,Gilda.Kaja@yopmail.com,worker
422,Cam,Elvyn,Cam.Elvyn@yopmail.com,firefighter
423,Kellen,Christal,Kellen.Christal@yopmail.com,worker
424,Wanda,Lamoree,Wanda.Lamoree@yopmail.com,doctor
425,Brana,Swigart,Brana.Swigart@yopmail.com,firefighter
426,Mara,Baylor,Mara.Baylor@yopmail.com,developer
427,Ada,Roscoe,Ada.Roscoe@yopmail.com,doctor
428,Carolina,Wilkinson,Carolina.Wilkinson@yopmail.com,doctor
429,Antonietta,Wenda,Antonietta.Wenda@yopmail.com,firefighter
430,Edyth,Dermott,Edyth.Dermott@yopmail.com,worker
431,Karly,Socha,Karly.Socha@yopmail.com,developer
432,Kittie,Ovid,Kittie.Ovid@yopmail.com,police officer
433,Odessa,Aida,Odessa.Aida@yopmail.com,doctor
434,Zia,Fillbert,Zia.Fillbert@yopmail.com,police officer
435,Heida,Eachern,Heida.Eachern@yopmail.com,police officer
436,Malina,Read,Malina.Read@yopmail.com,developer
437,Florencia,Rese,Florencia.Rese@yopmail.com,worker
438,Aurore,Ursulette,Aurore.Ursulette@yopmail.com,firefighter
439,Paulita,Lemuela,Paulita.Lemuela@yopmail.com,police officer
440,Merci,Margarete,Merci.Margarete@yopmail.com,doctor
441,Beatriz,Idelia,Beatriz.Idelia@yopmail.com,firefighter
442,Sandie,Merna,Sandie.Merna@yopmail.com,worker
443,Marcy,Frodi,Marcy.Frodi@yopmail.com,firefighter
444,Raquela,Lilybelle,Raquela.Lilybelle@yopmail.com,developer
445,Sashenka,O'Neill,Sashenka.O'Neill@yopmail.com,police officer
446,Maurene,Granoff,Maurene.Granoff@yopmail.com,worker
447,Tonia,Cornelia,Tonia.Cornelia@yopmail.com,worker
448,Sharlene,Hull,Sharlene.Hull@yopmail.com,firefighter
449,Rosanne,Adalbert,Rosanne.Adalbert@yopmail.com,police officer
450,Imojean,Stephie,Imojean.Stephie@yopmail.com,police officer
451,Peri,Lamoree,Peri.Lamoree@yopmail.com,doctor
452,Gilligan,Loleta,Gilligan.Loleta@yopmail.com,doctor
453,Georgetta,Marlie,Georgetta.Marlie@yopmail.com,firefighter
454,Magdalena,Ariella,Magdalena.Ariella@yopmail.com,developer
455,Kristan,Montgomery,Kristan.Montgomery@yopmail.com,developer
456,Katuscha,Tybald,Katuscha.Tybald@yopmail.com,worker
457,Rori,Mathilde,Rori.Mathilde@yopmail.com,firefighter
458,Hettie,Loeb,Hettie.Loeb@yopmail.com,developer
459,Shell,Ardra,Shell.Ardra@yopmail.com,firefighter
460,Carmencita,Cath,Carmencita.Cath@yopmail.com,worker
461,Lusa,Faso,Lusa.Faso@yopmail.com,developer
462,Kristina,Sidonius,Kristina.Sidonius@yopmail.com,police officer
463,Marcelline,Telfer,Marcelline.Telfer@yopmail.com,developer
464,Constance,Clie,Constance.Clie@yopmail.com,doctor
465,Candi,Wandie,Candi.Wandie@yopmail.com,worker
466,Fawne,McLaughlin,Fawne.McLaughlin@yopmail.com,worker
467,Leanna,Romelda,Leanna.Romelda@yopmail.com,doctor
468,Mathilda,Xerxes,Mathilda.Xerxes@yopmail.com,doctor
469,Rani,Olnee,Rani.Olnee@yopmail.com,developer
470,Olivette,Lindemann,Olivette.Lindemann@yopmail.com,worker
471,Madeleine,Billye,Madeleine.Billye@yopmail.com,doctor
472,Chandra,Arquit,Chandra.Arquit@yopmail.com,doctor
473,Sonni,Joni,Sonni.Joni@yopmail.com,developer
474,Kimberley,Pauly,Kimberley.Pauly@yopmail.com,developer
475,Annora,Hanleigh,Annora.Hanleigh@yopmail.com,worker
476,Regina,Magdalen,Regina.Magdalen@yopmail.com,doctor
477,Sheree,Kathie,Sheree.Kathie@yopmail.com,police officer
478,Bernie,Chobot,Bernie.Chobot@yopmail.com,police officer
479,Calla,Richers,Calla.Richers@yopmail.com,worker
480,Concettina,Louanna,Concettina.Louanna@yopmail.com,worker
481,Madelle,Tacye,Madelle.Tacye@yopmail.com,firefighter
482,Keelia,Kazimir,Keelia.Kazimir@yopmail.com,police officer
483,Christian,Florina,Christian.Florina@yopmail.com,doctor
484,Nicoli,Gilbertson,Nicoli.Gilbertson@yopmail.com,police officer
485,Kittie,Ashok,Kittie.Ashok@yopmail.com,developer
486,Rosene,Kolnick,Rosene.Kolnick@yopmail.com,developer
487,Agathe,Toffic,Agathe.Toffic@yopmail.com,worker
488,Henriette,Zitvaa,Henriette.Zitvaa@yopmail.com,worker
489,Elfreda,Mata,Elfreda.Mata@yopmail.com,police officer
490,Shaine,Amethist,Shaine.Amethist@yopmail.com,doctor
491,Renie,Dex,Renie.Dex@yopmail.com,firefighter
492,Felice,Vacuva,Felice.Vacuva@yopmail.com,worker
493,Ermengarde,Ivens,Ermengarde.Ivens@yopmail.com,firefighter
494,Talya,Suk,Talya.Suk@yopmail.com,developer
495,Deane,Yusuk,Deane.Yusuk@yopmail.com,firefighter
496,Paola,Maxi,Paola.Maxi@yopmail.com,developer
497,Elena,Thilda,Elena.Thilda@yopmail.com,developer
498,Harrietta,Valerio,Harrietta.Valerio@yopmail.com,developer
499,Steffane,Maryanne,Steffane.Maryanne@yopmail.com,doctor
500,Aimil,Christal,Aimil.Christal@yopmail.com,developer
501,Tierney,Orlene,Tierney.Orlene@yopmail.com,firefighter
502,Bee,Kazimir,Bee.Kazimir@yopmail.com,developer
503,Maurene,Donell,Maurene.Donell@yopmail.com,firefighter
504,Jennica,Afton,Jennica.Afton@yopmail.com,police officer
505,Ileana,Ramona,Ileana.Ramona@yopmail.com,developer
506,Consuela,Allina,Consuela.Allina@yopmail.com,police officer
507,Gerianna,Chem,Gerianna.Chem@yopmail.com,police officer
508,Roxane,Seessel,Roxane.Seessel@yopmail.com,developer
509,Elora,Ehrman,Elora.Ehrman@yopmail.com,police officer
510,Sharai,Timon,Sharai.Timon@yopmail.com,police officer
511,Justinn,Ciro,Justinn.Ciro@yopmail.com,firefighter
512,Nyssa,Gavrila,Nyssa.Gavrila@yopmail.com,firefighter
513,Gilligan,Deegan,Gilligan.Deegan@yopmail.com,firefighter
514,Desirae,Michella,Desirae.Michella@yopmail.com,firefighter
515,Karolina,Johanna,Karolina.Johanna@yopmail.com,firefighter
516,Ericka,Rillings,Ericka.Rillings@yopmail.com,doctor
517,Peri,Bollay,Peri.Bollay@yopmail.com,developer
518,Leeanne,Oneida,Leeanne.Oneida@yopmail.com,police officer
519,Harmonia,Corabella,Harmonia.Corabella@yopmail.com,doctor
520,Florencia,Camden,Florencia.Camden@yopmail.com,worker
521,Beth,Auberbach,Beth.Auberbach@yopmail.com,firefighter
522,Ebonee,Argus,Ebonee.Argus@yopmail.com,worker
523,Bibby,Lunsford,Bibby.Lunsford@yopmail.com,doctor
524,Alia,Blase,Alia.Blase@yopmail.com,developer
525,Jan,Fontana,Jan.Fontana@yopmail.com,doctor
526,Harmonia,Ciapas,Harmonia.Ciapas@yopmail.com,developer
527,Imojean,Geffner,Imojean.Geffner@yopmail.com,firefighter
528,Merry,MacIntosh,Merry.MacIntosh@yopmail.com,doctor
529,Ericka,Lytton,Ericka.Lytton@yopmail.com,developer
530,Antonietta,Rustice,Antonietta.Rustice@yopmail.com,police officer
531,Constance,Laurianne,Constance.Laurianne@yopmail.com,doctor
532,Farrah,Carlson,Farrah.Carlson@yopmail.com,firefighter
533,Corene,Clarissa,Corene.Clarissa@yopmail.com,worker
534,Edyth,Weinreb,Edyth.Weinreb@yopmail.com,doctor
535,Karina,Laverne,Karina.Laverne@yopmail.com,firefighter
536,Hermione,Marisa,Hermione.Marisa@yopmail.com,firefighter
537,Tamqrah,Fredi,Tamqrah.Fredi@yopmail.com,developer
538,Sue,Ailyn,Sue.Ailyn@yopmail.com,developer
539,Livvyy,Dudley,Livvyy.Dudley@yopmail.com,doctor
540,Asia,Junie,Asia.Junie@yopmail.com,worker
541,Lyssa,Crudden,Lyssa.Crudden@yopmail.com,firefighter
542,Keelia,Helfand,Keelia.Helfand@yopmail.com,developer
543,Aubrie,Israeli,Aubrie.Israeli@yopmail.com,doctor
544,Jere,Remmer,Jere.Remmer@yopmail.com,developer
545,Katharina,Billye,Katharina.Billye@yopmail.com,police officer
546,Ilse,Maples,Ilse.Maples@yopmail.com,doctor
547,Sophia,Verger,Sophia.Verger@yopmail.com,firefighter
548,Shell,Fairweather,Shell.Fairweather@yopmail.com,doctor
549,Shirlee,Bury,Shirlee.Bury@yopmail.com,firefighter
550,Teriann,Emerson,Teriann.Emerson@yopmail.com,worker
551,Merrie,Elvyn,Merrie.Elvyn@yopmail.com,developer
552,Gabriellia,Shanley,Gabriellia.Shanley@yopmail.com,firefighter
553,Selma,Cadmar,Selma.Cadmar@yopmail.com,doctor
554,Dede,Lalitta,Dede.Lalitta@yopmail.com,firefighter
555,Gale,Barrus,Gale.Barrus@yopmail.com,firefighter
556,Mureil,Pernick,Mureil.Pernick@yopmail.com,police officer
557,Sashenka,Manolo,Sashenka.Manolo@yopmail.com,developer
558,Delilah,Kendrick,Delilah.Kendrick@yopmail.com,firefighter
559,Althea,Secrest,Althea.Secrest@yopmail.com,police officer
560,Kylynn,Urania,Kylynn.Urania@yopmail.com,developer
561,Nyssa,Koehler,Nyssa.Koehler@yopmail.com,police officer
562,Constance,Ephrem,Constance.Ephrem@yopmail.com,police officer
563,Leeanne,Jary,Leeanne.Jary@yopmail.com,worker
564,Alameda,Ardeha,Alameda.Ardeha@yopmail.com,police officer
565,Myrtice,Hebner,Myrtice.Hebner@yopmail.com,firefighter
566,Darci,Beebe,Darci.Beebe@yopmail.com,worker
567,Kate,Agle,Kate.Agle@yopmail.com,police officer
568,Chastity,Cleavland,Chastity.Cleavland@yopmail.com,police officer
569,Justinn,Zachary,Justinn.Zachary@yopmail.com,worker
570,Addia,Hazlett,Addia.Hazlett@yopmail.com,worker
571,Peri,Bohlin,Peri.Bohlin@yopmail.com,doctor
572,Susette,Adlare,Susette.Adlare@yopmail.com,worker
573,Hettie,Decato,Hettie.Decato@yopmail.com,firefighter
574,Cassandra,Zrike,Cassandra.Zrike@yopmail.com,firefighter
575,Althea,Allina,Althea.Allina@yopmail.com,firefighter
576,Lita,Oneida,Lita.Oneida@yopmail.com,developer
577,Roz,Aaberg,Roz.Aaberg@yopmail.com,developer
578,Stevana,Chobot,Stevana.Chobot@yopmail.com,doctor
579,Maurene,Travax,Maurene.Travax@yopmail.com,worker
580,Florie,Amasa,Florie.Amasa@yopmail.com,developer
581,Candi,Chesna,Candi.Chesna@yopmail.com,doctor
582,Bibby,Suk,Bibby.Suk@yopmail.com,developer
583,Coral,Mendez,Coral.Mendez@yopmail.com,worker
584,Donetta,Berard,Donetta.Berard@yopmail.com,developer
585,Willetta,Dash,Willetta.Dash@yopmail.com,doctor
586,Sara-Ann,Ephrem,Sara-Ann.Ephrem@yopmail.com,doctor
587,Halette,Nelsen,Halette.Nelsen@yopmail.com,developer
588,Queenie,Lesley,Queenie.Lesley@yopmail.com,worker
589,Pollyanna,Matthew,Pollyanna.Matthew@yopmail.com,doctor
590,Chloris,Milson,Chloris.Milson@yopmail.com,police officer
591,Rani,Hebner,Rani.Hebner@yopmail.com,worker
592,Max,Hoban,Max.Hoban@yopmail.com,doctor
593,Fina,Soneson,Fina.Soneson@yopmail.com,firefighter
594,Emylee,Roxanna,Emylee.Roxanna@yopmail.com,developer
595,Jobi,Schlosser,Jobi.Schlosser@yopmail.com,doctor
596,Valli,Bartlett,Valli.Bartlett@yopmail.com,police officer
597,Lilith,Franza,Lilith.Franza@yopmail.com,police officer
598,Kathi,Poppy,Kathi.Poppy@yopmail.com,developer
599,Rosene,Tatianas,Rosene.Tatianas@yopmail.com,developer
600,Brynna,Lamoree,Brynna.Lamoree@yopmail.com,worker
601,Layla,Lytton,Layla.Lytton@yopmail.com,developer
602,Oona,Fairweather,Oona.Fairweather@yopmail.com,firefighter
603,Deedee,Carvey,Deedee.Carvey@yopmail.com,developer
604,Sheree,Standing,Sheree.Standing@yopmail.com,worker
605,Aeriela,Hunfredo,Aeriela.Hunfredo@yopmail.com,firefighter
606,Tabbatha,Nadia,Tabbatha.Nadia@yopmail.com,worker
607,Jeanna,Joni,Jeanna.Joni@yopmail.com,police officer
608,Dolli,Codding,Dolli.Codding@yopmail.com,police officer
609,Zsa Zsa,Rhu,Zsa Zsa.Rhu@yopmail.com,worker
610,Ginnie,Bluh,Ginnie.Bluh@yopmail.com,police officer
611,Evita,Rocray,Evita.Rocray@yopmail.com,doctor
612,Maisey,Pond,Maisey.Pond@yopmail.com,worker
613,Marti,Emmy,Marti.Emmy@yopmail.com,worker
614,Ivett,Arathorn,Ivett.Arathorn@yopmail.com,developer
615,Roxane,Kevon,Roxane.Kevon@yopmail.com,worker
616,Frances,Juliet,Frances.Juliet@yopmail.com,worker
617,Kimmy,Montgomery,Kimmy.Montgomery@yopmail.com,doctor
618,Myriam,Ahab,Myriam.Ahab@yopmail.com,worker
619,Chandra,Claudine,Chandra.Claudine@yopmail.com,worker
620,Ericka,Odell,Ericka.Odell@yopmail.com,firefighter
621,Caressa,Romelda,Caressa.Romelda@yopmail.com,firefighter
622,Barbi,Norrie,Barbi.Norrie@yopmail.com,developer
623,Penelopa,Chauncey,Penelopa.Chauncey@yopmail.com,firefighter
624,Justinn,Alfons,Justinn.Alfons@yopmail.com,police officer
625,Jenilee,Kylander,Jenilee.Kylander@yopmail.com,doctor
626,Kara-Lynn,Klemperer,Kara-Lynn.Klemperer@yopmail.com,firefighter
627,Carol-Jean,Lane,Carol-Jean.Lane@yopmail.com,police officer
628,Gui,Bryna,Gui.Bryna@yopmail.com,developer
629,Correy,Frendel,Correy.Frendel@yopmail.com,developer
630,Gwenneth,Secrest,Gwenneth.Secrest@yopmail.com,police officer
631,Harmonia,Hoenack,Harmonia.Hoenack@yopmail.com,firefighter
632,Carmencita,Noelyn,Carmencita.Noelyn@yopmail.com,police officer
633,Dione,Ietta,Dione.Ietta@yopmail.com,developer
634,Ira,Cordi,Ira.Cordi@yopmail.com,developer
635,Concettina,Bakerman,Concettina.Bakerman@yopmail.com,worker
636,Steffane,Rooney,Steffane.Rooney@yopmail.com,police officer
637,Diena,Turne,Diena.Turne@yopmail.com,police officer
638,Averyl,Mehalek,Averyl.Mehalek@yopmail.com,police officer
639,Sam,Oster,Sam.Oster@yopmail.com,developer
640,Gretal,Wildermuth,Gretal.Wildermuth@yopmail.com,firefighter
641,Ezmeralda,Laurianne,Ezmeralda.Laurianne@yopmail.com,firefighter
642,Verla,Kiersten,Verla.Kiersten@yopmail.com,worker
643,Zaria,Stacy,Zaria.Stacy@yopmail.com,police officer
644,Winny,Bronk,Winny.Bronk@yopmail.com,doctor
645,Margalo,Clara,Margalo.Clara@yopmail.com,developer
646,Kore,Lynn,Kore.Lynn@yopmail.com,police officer
647,Annabela,Krystle,Annabela.Krystle@yopmail.com,developer
648,Shandie,Clarissa,Shandie.Clarissa@yopmail.com,worker
649,Kylynn,Orpah,Kylynn.Orpah@yopmail.com,police officer
650,Sashenka,Gregrory,Sashenka.Gregrory@yopmail.com,firefighter
651,Brooks,Lattie,Brooks.Lattie@yopmail.com,police officer
652,Corly,Middleton,Corly.Middleton@yopmail.com,police officer
653,Aryn,Bach,Aryn.Bach@yopmail.com,doctor
654,Sharlene,Rolf,Sharlene.Rolf@yopmail.com,firefighter
655,Georgetta,Firmin,Georgetta.Firmin@yopmail.com,firefighter
656,Lindie,Yerkovich,Lindie.Yerkovich@yopmail.com,developer
657,Magdalena,Nea,Magdalena.Nea@yopmail.com,police officer
658,Leeanne,Faria,Leeanne.Faria@yopmail.com,police officer
659,Kenna,Sibyls,Kenna.Sibyls@yopmail.com,developer
660,Angela,Greenwald,Angela.Greenwald@yopmail.com,doctor
661,Aeriela,Sparhawk,Aeriela.Sparhawk@yopmail.com,firefighter
662,Melisent,Westphal,Melisent.Westphal@yopmail.com,doctor
663,Cissiee,Lalitta,Cissiee.Lalitta@yopmail.com,developer
664,Maisey,Khorma,Maisey.Khorma@yopmail.com,worker
665,Devina,Florina,Devina.Florina@yopmail.com,firefighter
666,Bibby,Berl,Bibby.Berl@yopmail.com,doctor
667,Yetty,Lunsford,Yetty.Lunsford@yopmail.com,firefighter
668,Starla,Alrich,Starla.Alrich@yopmail.com,worker
669,Augustine,Darbie,Augustine.Darbie@yopmail.com,developer
670,Cassondra,Matthew,Cassondra.Matthew@yopmail.com,firefighter
671,Tami,Kinnard,Tami.Kinnard@yopmail.com,worker
672,Katuscha,Carolin,Katuscha.Carolin@yopmail.com,developer
673,Marline,Rhu,Marline.Rhu@yopmail.com,police officer
674,Ekaterina,Han,Ekaterina.Han@yopmail.com,doctor
675,Gisela,Wildermuth,Gisela.Wildermuth@yopmail.com,police officer
676,Dyann,Alfons,Dyann.Alfons@yopmail.com,firefighter
677,Hope,Richers,Hope.Richers@yopmail.com,firefighter
678,Myriam,Carolin,Myriam.Carolin@yopmail.com,worker
679,Edee,Ambrosia,Edee.Ambrosia@yopmail.com,firefighter
680,Ana,Gherardo,Ana.Gherardo@yopmail.com,developer
681,Rosene,Daniele,Rosene.Daniele@yopmail.com,worker
682,Margette,Ade,Margette.Ade@yopmail.com,doctor
683,Clo,Auberbach,Clo.Auberbach@yopmail.com,developer
684,Doro,Fleeta,Doro.Fleeta@yopmail.com,developer
685,Kaja,Dituri,Kaja.Dituri@yopmail.com,developer
686,Dione,Chandler,Dione.Chandler@yopmail.com,developer
687,Bobbi,Suzetta,Bobbi.Suzetta@yopmail.com,doctor
688,Dorthy,Killigrew,Dorthy.Killigrew@yopmail.com,worker
689,Georgetta,Garbe,Georgetta.Garbe@yopmail.com,police officer
690,Audrie,Middleton,Audrie.Middleton@yopmail.com,doctor
691,Cacilie,Thar,Cacilie.Thar@yopmail.com,doctor
692,Ira,Waite,Ira.Waite@yopmail.com,developer
693,Amelia,Garrison,Amelia.Garrison@yopmail.com,worker
694,Teddie,Jaylene,Teddie.Jaylene@yopmail.com,firefighter
695,Albertina,Damarra,Albertina.Damarra@yopmail.com,worker
696,Binny,Amethist,Binny.Amethist@yopmail.com,police officer
697,Kirbee,Leary,Kirbee.Leary@yopmail.com,worker
698,Zia,Kolnick,Zia.Kolnick@yopmail.com,doctor
699,Atlanta,Raama,Atlanta.Raama@yopmail.com,developer
700,Letizia,Tengdin,Letizia.Tengdin@yopmail.com,developer
701,Nikki,Rheingold,Nikki.Rheingold@yopmail.com,doctor
702,Hettie,Fabiola,Hettie.Fabiola@yopmail.com,doctor
703,Ricky,Lemuela,Ricky.Lemuela@yopmail.com,worker
704,Di,Alice,Di.Alice@yopmail.com,firefighter
705,Chloris,Gower,Chloris.Gower@yopmail.com,police officer
706,Oralee,Truc,Oralee.Truc@yopmail.com,doctor
707,Genevra,Schalles,Genevra.Schalles@yopmail.com,doctor
708,Sissy,Moseley,Sissy.Moseley@yopmail.com,doctor
709,Roz,Edison,Roz.Edison@yopmail.com,worker
710,Melanie,Madelene,Melanie.Madelene@yopmail.com,developer
711,Daphne,Phyllis,Daphne.Phyllis@yopmail.com,firefighter
712,Nita,Kannry,Nita.Kannry@yopmail.com,developer
713,Amalie,Juan,Amalie.Juan@yopmail.com,firefighter
714,Caryl,Vittoria,Caryl.Vittoria@yopmail.com,developer
715,Carree,Garbe,Carree.Garbe@yopmail.com,police officer
716,Kenna,Schonfeld,Kenna.Schonfeld@yopmail.com,doctor
717,Sam,Milson,Sam.Milson@yopmail.com,developer
718,Genevra,Cavan,Genevra.Cavan@yopmail.com,doctor
719,Iseabal,Lunsford,Iseabal.Lunsford@yopmail.com,doctor
720,Rozele,Lareena,Rozele.Lareena@yopmail.com,worker
721,Ingrid,Suzetta,Ingrid.Suzetta@yopmail.com,doctor
722,Elvira,Bigner,Elvira.Bigner@yopmail.com,police officer
723,Leeanne,Mike,Leeanne.Mike@yopmail.com,police officer
724,Annora,Infield,Annora.Infield@yopmail.com,police officer
725,Lynnea,Norrie,Lynnea.Norrie@yopmail.com,police officer
726,Krystle,Afton,Krystle.Afton@yopmail.com,doctor
727,Cathyleen,Morrill,Cathyleen.Morrill@yopmail.com,firefighter
728,Gavrielle,Bigner,Gavrielle.Bigner@yopmail.com,doctor
729,Celestyna,Kiyoshi,Celestyna.Kiyoshi@yopmail.com,doctor
730,Anestassia,Shuler,Anestassia.Shuler@yopmail.com,developer
731,Clo,Eiser,Clo.Eiser@yopmail.com,police officer
732,Arabel,Jalbert,Arabel.Jalbert@yopmail.com,firefighter
733,Doro,Gilbertson,Doro.Gilbertson@yopmail.com,doctor
734,Antonietta,Hermes,Antonietta.Hermes@yopmail.com,firefighter
735,Tani,Esmaria,Tani.Esmaria@yopmail.com,firefighter
736,Berta,Rooney,Berta.Rooney@yopmail.com,worker
737,Kara-Lynn,Sacken,Kara-Lynn.Sacken@yopmail.com,police officer
738,Yetty,Gaulin,Yetty.Gaulin@yopmail.com,police officer
739,Alie,Vharat,Alie.Vharat@yopmail.com,developer
740,Tabbatha,Olympium,Tabbatha.Olympium@yopmail.com,police officer
741,Alia,Dom,Alia.Dom@yopmail.com,developer
742,Aubrie,Garrison,Aubrie.Garrison@yopmail.com,developer
743,Vinita,Cutlerr,Vinita.Cutlerr@yopmail.com,firefighter
744,Inga,Remmer,Inga.Remmer@yopmail.com,doctor
745,Carmela,Corabella,Carmela.Corabella@yopmail.com,police officer
746,Merci,Jena,Merci.Jena@yopmail.com,worker
747,Jacquetta,Sparhawk,Jacquetta.Sparhawk@yopmail.com,doctor
748,Jobi,Wooster,Jobi.Wooster@yopmail.com,doctor
749,Lacie,Mozelle,Lacie.Mozelle@yopmail.com,developer
750,Joleen,Presber,Joleen.Presber@yopmail.com,doctor
751,Alyssa,Anton,Alyssa.Anton@yopmail.com,firefighter
752,Kimmy,Ricki,Kimmy.Ricki@yopmail.com,worker
753,Lily,Sikorski,Lily.Sikorski@yopmail.com,firefighter
754,Gerrie,Sherfield,Gerrie.Sherfield@yopmail.com,developer
755,Sandie,Brieta,Sandie.Brieta@yopmail.com,firefighter
756,Noelle,Telfer,Noelle.Telfer@yopmail.com,doctor
757,Ardenia,Felizio,Ardenia.Felizio@yopmail.com,developer
758,Amii,Dowski,Amii.Dowski@yopmail.com,firefighter
759,Margarette,Raseda,Margarette.Raseda@yopmail.com,doctor
760,Celestyna,Fosque,Celestyna.Fosque@yopmail.com,developer
761,Daphne,Gino,Daphne.Gino@yopmail.com,doctor
762,Coral,Kamaria,Coral.Kamaria@yopmail.com,police officer
763,Ursulina,Connelly,Ursulina.Connelly@yopmail.com,police officer
764,Genevra,Gillan,Genevra.Gillan@yopmail.com,firefighter
765,Lyssa,Shama,Lyssa.Shama@yopmail.com,police officer
766,Gertrud,Poppy,Gertrud.Poppy@yopmail.com,worker
767,Mady,Screens,Mady.Screens@yopmail.com,police officer
768,Sissy,Oscar,Sissy.Oscar@yopmail.com,developer
769,Theodora,Melan,Theodora.Melan@yopmail.com,doctor
770,Camile,Jefferey,Camile.Jefferey@yopmail.com,doctor
771,Doralynne,Ummersen,Doralynne.Ummersen@yopmail.com,firefighter
772,Lila,Carvey,Lila.Carvey@yopmail.com,developer
773,Aurore,Dorcy,Aurore.Dorcy@yopmail.com,worker
774,Kate,Goldina,Kate.Goldina@yopmail.com,firefighter
775,Cissiee,Wadell,Cissiee.Wadell@yopmail.com,police officer
776,Bee,Seligman,Bee.Seligman@yopmail.com,worker
777,Max,Swanhildas,Max.Swanhildas@yopmail.com,worker
778,Annora,Maribeth,Annora.Maribeth@yopmail.com,developer
779,Lauryn,Bahr,Lauryn.Bahr@yopmail.com,police officer
780,Charmaine,Pascia,Charmaine.Pascia@yopmail.com,developer
781,Joelly,Evangelia,Joelly.Evangelia@yopmail.com,police officer
782,Renae,Cristi,Renae.Cristi@yopmail.com,developer
783,Clo,Georas,Clo.Georas@yopmail.com,police officer
784,Ulrike,Tryck,Ulrike.Tryck@yopmail.com,firefighter
785,Betta,Brodench,Betta.Brodench@yopmail.com,worker
786,Brietta,Shaddock,Brietta.Shaddock@yopmail.com,police officer
787,Gerrie,Loring,Gerrie.Loring@yopmail.com,doctor
788,Nataline,Afton,Nataline.Afton@yopmail.com,firefighter
789,Myrtice,Zaslow,Myrtice.Zaslow@yopmail.com,firefighter
790,Elise,Gaynor,Elise.Gaynor@yopmail.com,doctor
791,Lacie,Sheedy,Lacie.Sheedy@yopmail.com,police officer
792,Gusella,Schwejda,Gusella.Schwejda@yopmail.com,developer
793,Kerrin,Gemini,Kerrin.Gemini@yopmail.com,developer
794,Agnese,Lunsford,Agnese.Lunsford@yopmail.com,developer
795,Talya,Milson,Talya.Milson@yopmail.com,worker
796,Valli,Merell,Valli.Merell@yopmail.com,firefighter
797,Sharai,Slifka,Sharai.Slifka@yopmail.com,developer
798,Lolita,Aprile,Lolita.Aprile@yopmail.com,firefighter
799,Fred,Rosalba,Fred.Rosalba@yopmail.com,developer
800,Anallese,Old,Anallese.Old@yopmail.com,police officer
801,Meghann,Corabella,Meghann.Corabella@yopmail.com,worker
802,Leanna,Elvyn,Leanna.Elvyn@yopmail.com,developer
803,Dorice,Wilona,Dorice.Wilona@yopmail.com,police officer
804,Merrie,Kauppi,Merrie.Kauppi@yopmail.com,doctor
805,Elsie,Saree,Elsie.Saree@yopmail.com,developer
806,Ann-Marie,Roarke,Ann-Marie.Roarke@yopmail.com,police officer
807,Charissa,Cavan,Charissa.Cavan@yopmail.com,worker
808,Mathilda,Willie,Mathilda.Willie@yopmail.com,worker
809,Monika,Libna,Monika.Libna@yopmail.com,worker
810,Helsa,Verger,Helsa.Verger@yopmail.com,worker
811,Donetta,Land,Donetta.Land@yopmail.com,developer
812,Jacquetta,Felizio,Jacquetta.Felizio@yopmail.com,firefighter
813,Belinda,Jalbert,Belinda.Jalbert@yopmail.com,developer
814,Gaylene,Tamsky,Gaylene.Tamsky@yopmail.com,firefighter
815,Belinda,Jary,Belinda.Jary@yopmail.com,firefighter
816,Maye,Secrest,Maye.Secrest@yopmail.com,firefighter
817,Amara,Gaulin,Amara.Gaulin@yopmail.com,doctor
818,Gwyneth,Dearborn,Gwyneth.Dearborn@yopmail.com,worker
819,Alyda,Land,Alyda.Land@yopmail.com,police officer
820,Alameda,Hoenack,Alameda.Hoenack@yopmail.com,doctor
821,Robbi,Leler,Robbi.Leler@yopmail.com,developer
822,Alleen,Middleton,Alleen.Middleton@yopmail.com,doctor
823,Liana,Bivins,Liana.Bivins@yopmail.com,developer
824,Latisha,Shirberg,Latisha.Shirberg@yopmail.com,firefighter
825,Veda,Sheng,Veda.Sheng@yopmail.com,police officer
826,Ileana,Penelopa,Ileana.Penelopa@yopmail.com,firefighter
827,Barbi,Chick,Barbi.Chick@yopmail.com,firefighter
828,Maye,Carolin,Maye.Carolin@yopmail.com,doctor
829,Rubie,Kenney,Rubie.Kenney@yopmail.com,firefighter
830,Dorothy,Lane,Dorothy.Lane@yopmail.com,police officer
831,Dolli,Oneida,Dolli.Oneida@yopmail.com,firefighter
832,Paule,Morrill,Paule.Morrill@yopmail.com,worker
833,Bernardine,Bibi,Bernardine.Bibi@yopmail.com,police officer
834,Isa,Madelene,Isa.Madelene@yopmail.com,police officer
835,Georgina,Amadas,Georgina.Amadas@yopmail.com,police officer
836,Ana,Florina,Ana.Florina@yopmail.com,developer
837,Lindie,Deegan,Lindie.Deegan@yopmail.com,firefighter
838,Daune,Juan,Daune.Juan@yopmail.com,developer
839,Clary,Raseda,Clary.Raseda@yopmail.com,developer
840,Harrietta,Jena,Harrietta.Jena@yopmail.com,doctor
841,Camile,Hunfredo,Camile.Hunfredo@yopmail.com,developer
842,Charlena,O'Neill,Charlena.O'Neill@yopmail.com,doctor
843,Thalia,McNully,Thalia.McNully@yopmail.com,firefighter
844,Elka,Hanshaw,Elka.Hanshaw@yopmail.com,firefighter
845,Mureil,Breed,Mureil.Breed@yopmail.com,developer
846,Teriann,Ethban,Teriann.Ethban@yopmail.com,police officer
847,Kylynn,Gilbertson,Kylynn.Gilbertson@yopmail.com,worker
848,Bibby,Norvol,Bibby.Norvol@yopmail.com,police officer
849,Althea,Woodberry,Althea.Woodberry@yopmail.com,developer
850,Kirbee,Roxanna,Kirbee.Roxanna@yopmail.com,firefighter
851,Margarette,Izaak,Margarette.Izaak@yopmail.com,police officer
852,Marcy,Iiette,Marcy.Iiette@yopmail.com,firefighter
853,Albertina,Cornelia,Albertina.Cornelia@yopmail.com,police officer
854,Arlina,Ehrman,Arlina.Ehrman@yopmail.com,doctor
855,Agnese,Gwenore,Agnese.Gwenore@yopmail.com,doctor
856,Jessy,Marijo,Jessy.Marijo@yopmail.com,developer
857,Barbara,Dannye,Barbara.Dannye@yopmail.com,doctor
858,Ira,Brandice,Ira.Brandice@yopmail.com,doctor
859,Mallory,Chesna,Mallory.Chesna@yopmail.com,doctor
860,Anica,Blisse,Anica.Blisse@yopmail.com,worker
861,Hallie,Colyer,Hallie.Colyer@yopmail.com,police officer
862,Janey,Pulsifer,Janey.Pulsifer@yopmail.com,police officer
863,Dotty,Merell,Dotty.Merell@yopmail.com,doctor
864,Carlie,Roscoe,Carlie.Roscoe@yopmail.com,worker
865,Annice,Stilwell,Annice.Stilwell@yopmail.com,worker
866,Jean,Sperling,Jean.Sperling@yopmail.com,developer
867,Shaine,Hieronymus,Shaine.Hieronymus@yopmail.com,firefighter
868,Leeanne,Abbot,Leeanne.Abbot@yopmail.com,police officer
869,Bobbi,Fosque,Bobbi.Fosque@yopmail.com,firefighter
870,Barbara,Gherardo,Barbara.Gherardo@yopmail.com,worker
871,Karlee,Mayeda,Karlee.Mayeda@yopmail.com,worker
872,Alia,Brieta,Alia.Brieta@yopmail.com,doctor
873,Roberta,Christine,Roberta.Christine@yopmail.com,firefighter
874,Genevra,Rolf,Genevra.Rolf@yopmail.com,worker
875,Mignon,Lanita,Mignon.Lanita@yopmail.com,police officer
876,Ricky,Loring,Ricky.Loring@yopmail.com,doctor
877,Keelia,Granoff,Keelia.Granoff@yopmail.com,police officer
878,Fawne,Giff,Fawne.Giff@yopmail.com,firefighter
879,Millie,Matthew,Millie.Matthew@yopmail.com,police officer
880,Roxane,Lalitta,Roxane.Lalitta@yopmail.com,developer
881,Danika,Saunderson,Danika.Saunderson@yopmail.com,worker
882,Benita,Carlson,Benita.Carlson@yopmail.com,firefighter
883,Reeba,McNully,Reeba.McNully@yopmail.com,firefighter
884,Demetris,Juliet,Demetris.Juliet@yopmail.com,doctor
885,Emilia,Tound,Emilia.Tound@yopmail.com,firefighter
886,Dale,Byrne,Dale.Byrne@yopmail.com,police officer
887,Alie,Georas,Alie.Georas@yopmail.com,firefighter
888,Deedee,Hull,Deedee.Hull@yopmail.com,firefighter
889,Ivett,Shanley,Ivett.Shanley@yopmail.com,firefighter
890,Juliane,Ackerley,Juliane.Ackerley@yopmail.com,police officer
891,Shaine,Fairweather,Shaine.Fairweather@yopmail.com,police officer
892,Merle,Garbe,Merle.Garbe@yopmail.com,police officer
893,Wilma,Atcliffe,Wilma.Atcliffe@yopmail.com,firefighter
894,Kaja,Natalia,Kaja.Natalia@yopmail.com,developer
895,Angela,Friede,Angela.Friede@yopmail.com,worker
896,Cissiee,Elvyn,Cissiee.Elvyn@yopmail.com,firefighter
897,Kayla,Dalli,Kayla.Dalli@yopmail.com,doctor
898,Elena,Terencio,Elena.Terencio@yopmail.com,police officer
899,Rhea,Modie,Rhea.Modie@yopmail.com,police officer
900,Leanna,Bow,Leanna.Bow@yopmail.com,developer
901,Kathi,Clie,Kathi.Clie@yopmail.com,worker
902,Leanna,Boehike,Leanna.Boehike@yopmail.com,worker
903,Agathe,Mitzi,Agathe.Mitzi@yopmail.com,doctor
904,Emelina,Wolfgram,Emelina.Wolfgram@yopmail.com,firefighter
905,Krystle,Nore,Krystle.Nore@yopmail.com,firefighter
906,Paulita,Jarib,Paulita.Jarib@yopmail.com,doctor
907,Jordan,Ricarda,Jordan.Ricarda@yopmail.com,doctor
908,Edith,Lasley,Edith.Lasley@yopmail.com,developer
909,Doralynne,Bennie,Doralynne.Bennie@yopmail.com,police officer
910,Dacia,Ephrem,Dacia.Ephrem@yopmail.com,police officer
911,Laure,Thunell,Laure.Thunell@yopmail.com,firefighter
912,Rori,Claudine,Rori.Claudine@yopmail.com,worker
913,Dotty,Ezar,Dotty.Ezar@yopmail.com,doctor
914,Damaris,Garek,Damaris.Garek@yopmail.com,firefighter
915,Rozele,Hewitt,Rozele.Hewitt@yopmail.com,firefighter
916,Claresta,Means,Claresta.Means@yopmail.com,doctor
917,Charmaine,Natica,Charmaine.Natica@yopmail.com,firefighter
918,Ayn,Saunderson,Ayn.Saunderson@yopmail.com,firefighter
919,Violet,Miru,Violet.Miru@yopmail.com,developer
920,Lesly,Toni,Lesly.Toni@yopmail.com,doctor
921,Danika,Hoenack,Danika.Hoenack@yopmail.com,doctor
922,Barbara,Geffner,Barbara.Geffner@yopmail.com,developer
923,Iseabal,Glovsky,Iseabal.Glovsky@yopmail.com,firefighter
924,Frieda,Randene,Frieda.Randene@yopmail.com,doctor
925,Blinni,Alarise,Blinni.Alarise@yopmail.com,doctor
926,Tonia,Brieta,Tonia.Brieta@yopmail.com,police officer
927,Sashenka,Lail,Sashenka.Lail@yopmail.com,worker
928,Helena,Erminia,Helena.Erminia@yopmail.com,doctor
929,Kylynn,Bivins,Kylynn.Bivins@yopmail.com,worker
930,Joane,Simmonds,Joane.Simmonds@yopmail.com,worker
931,Lelah,Wind,Lelah.Wind@yopmail.com,worker
932,Di,Harday,Di.Harday@yopmail.com,doctor
933,Julieta,Isacco,Julieta.Isacco@yopmail.com,worker
934,Emylee,Japeth,Emylee.Japeth@yopmail.com,doctor
935,Florencia,Jethro,Florencia.Jethro@yopmail.com,police officer
936,Suzette,Tippets,Suzette.Tippets@yopmail.com,firefighter
937,Konstance,Raseda,Konstance.Raseda@yopmail.com,police officer
938,Stephanie,Astra,Stephanie.Astra@yopmail.com,worker
939,Alameda,Martsen,Alameda.Martsen@yopmail.com,police officer
940,Christian,Krystle,Christian.Krystle@yopmail.com,police officer
941,Cassondra,Drus,Cassondra.Drus@yopmail.com,worker
942,Frank,Granoff,Frank.Granoff@yopmail.com,police officer
943,Chandra,Brian,Chandra.Brian@yopmail.com,firefighter
944,Melanie,Lutero,Melanie.Lutero@yopmail.com,police officer
945,Dyann,Pattin,Dyann.Pattin@yopmail.com,police officer
946,Ermengarde,Pattin,Ermengarde.Pattin@yopmail.com,police officer
947,Jemie,Jobi,Jemie.Jobi@yopmail.com,police officer
948,Agathe,Amethist,Agathe.Amethist@yopmail.com,police officer
949,Kial,Jerold,Kial.Jerold@yopmail.com,developer
950,Ethel,Oriana,Ethel.Oriana@yopmail.com,developer
951,Mathilda,Ade,Mathilda.Ade@yopmail.com,police officer
952,Malina,Kelula,Malina.Kelula@yopmail.com,developer
953,Devina,Nance,Devina.Nance@yopmail.com,firefighter
954,Merry,Wallis,Merry.Wallis@yopmail.com,worker
955,Johna,Bultman,Johna.Bultman@yopmail.com,developer
956,Ada,Afton,Ada.Afton@yopmail.com,developer
957,Bettine,Lissi,Bettine.Lissi@yopmail.com,firefighter
958,Talya,Newell,Talya.Newell@yopmail.com,developer
959,Lorenza,Etom,Lorenza.Etom@yopmail.com,doctor
960,Fayre,Redmond,Fayre.Redmond@yopmail.com,worker
961,Chloris,Flyn,Chloris.Flyn@yopmail.com,firefighter
962,Kimmy,Tarrant,Kimmy.Tarrant@yopmail.com,developer
963,Blake,Annice,Blake.Annice@yopmail.com,doctor
964,Flo,Ader,Flo.Ader@yopmail.com,developer
965,Robbi,Zetta,Robbi.Zetta@yopmail.com,doctor
966,Jackie,Lynn,Jackie.Lynn@yopmail.com,doctor
967,Tatiania,Neils,Tatiania.Neils@yopmail.com,police officer
968,Janey,Sigfrid,Janey.Sigfrid@yopmail.com,worker
969,Robbi,Seagraves,Robbi.Seagraves@yopmail.com,police officer
970,Dania,Ader,Dania.Ader@yopmail.com,firefighter
971,Emilia,Ellord,Emilia.Ellord@yopmail.com,firefighter
972,Maud,Gavrila,Maud.Gavrila@yopmail.com,firefighter
973,Sherrie,Middleton,Sherrie.Middleton@yopmail.com,worker
974,Hettie,Hollingsworth,Hettie.Hollingsworth@yopmail.com,worker
975,Nonnah,Land,Nonnah.Land@yopmail.com,developer
976,Sarette,Aloise,Sarette.Aloise@yopmail.com,police officer
977,Gisela,Sancho,Gisela.Sancho@yopmail.com,developer
978,Tonia,Taam,Tonia.Taam@yopmail.com,police officer
979,Concettina,Tristram,Concettina.Tristram@yopmail.com,firefighter
980,Bill,Ranjiv,Bill.Ranjiv@yopmail.com,police officer
981,Sallie,Faria,Sallie.Faria@yopmail.com,developer
982,Steffane,Dunkin,Steffane.Dunkin@yopmail.com,worker
983,Dorothy,Travax,Dorothy.Travax@yopmail.com,developer
984,Emilia,Flyn,Emilia.Flyn@yopmail.com,firefighter
985,Lusa,Kenwood,Lusa.Kenwood@yopmail.com,firefighter
986,Inga,Engdahl,Inga.Engdahl@yopmail.com,worker
987,Jeanna,Bashemeth,Jeanna.Bashemeth@yopmail.com,firefighter
988,Dominga,Wildermuth,Dominga.Wildermuth@yopmail.com,firefighter
989,Kalina,Narton,Kalina.Narton@yopmail.com,worker
990,Adelle,Georgy,Adelle.Georgy@yopmail.com,doctor
991,Emilia,Kathie,Emilia.Kathie@yopmail.com,firefighter
992,Nerta,Lamoree,Nerta.Lamoree@yopmail.com,doctor
993,Brynna,Stoller,Brynna.Stoller@yopmail.com,doctor
994,Yetty,Ummersen,Yetty.Ummersen@yopmail.com,police officer
995,Corly,Isacco,Corly.Isacco@yopmail.com,firefighter
996,Glenda,Linehan,Glenda.Linehan@yopmail.com,firefighter
997,Evaleen,Letsou,Evaleen.Letsou@yopmail.com,worker
998,Teriann,Whittaker,Teriann.Whittaker@yopmail.com,worker
999,Kathi,Adrienne,Kathi.Adrienne@yopmail.com,developer
1000,Feliza,Kronfeld,Feliza.Kronfeld@yopmail.com,doctor
1001,Taffy,Chandler,Taffy.Chandler@yopmail.com,developer
1002,Desirae,Monk,Desirae.Monk@yopmail.com,worker
1003,Zaria,Friede,Zaria.Friede@yopmail.com,doctor
1004,Carmela,Joeann,Carmela.Joeann@yopmail.com,firefighter
1005,Caressa,McCutcheon,Caressa.McCutcheon@yopmail.com,worker
1006,Peri,Waldron,Peri.Waldron@yopmail.com,firefighter
1007,Althea,Pernick,Althea.Pernick@yopmail.com,doctor
1008,Jany,Si,Jany.Si@yopmail.com,firefighter
1009,Nanete,An,Nanete.An@yopmail.com,police officer
1010,Rosabelle,Teddman,Rosabelle.Teddman@yopmail.com,police officer
1011,Brietta,Norvol,Brietta.Norvol@yopmail.com,police officer
1012,Joane,Glovsky,Joane.Glovsky@yopmail.com,police officer
1013,Corry,Peonir,Corry.Peonir@yopmail.com,developer
1014,Ellette,Wadell,Ellette.Wadell@yopmail.com,doctor
1015,Dolli,Mauer,Dolli.Mauer@yopmail.com,developer
1016,Claresta,Genna,Claresta.Genna@yopmail.com,doctor
1017,Katleen,Daegal,Katleen.Daegal@yopmail.com,doctor
1018,Codie,Maisey,Codie.Maisey@yopmail.com,firefighter
1019,Elsie,Bakerman,Elsie.Bakerman@yopmail.com,doctor
1020,Carolina,Milde,Carolina.Milde@yopmail.com,developer
1021,Konstance,Secrest,Konstance.Secrest@yopmail.com,police officer
1022,Nadine,Larochelle,Nadine.Larochelle@yopmail.com,police officer
1023,Charissa,Bari,Charissa.Bari@yopmail.com,developer
1024,Nariko,Talia,Nariko.Talia@yopmail.com,worker
1025,Aubrie,Auberbach,Aubrie.Auberbach@yopmail.com,firefighter
1026,Netty,Tiffa,Netty.Tiffa@yopmail.com,developer
1027,Lorne,Rad,Lorne.Rad@yopmail.com,developer
1028,Noelle,Vharat,Noelle.Vharat@yopmail.com,police officer
1029,Blondelle,Liebermann,Blondelle.Liebermann@yopmail.com,police officer
1030,Barbara,Ellord,Barbara.Ellord@yopmail.com,developer
1031,Krystle,Tengdin,Krystle.Tengdin@yopmail.com,developer
1032,Dennie,Lindemann,Dennie.Lindemann@yopmail.com,doctor
1033,Raquela,Soneson,Raquela.Soneson@yopmail.com,firefighter
1034,Kathi,Hoban,Kathi.Hoban@yopmail.com,worker
1035,Amelia,Dyche,Amelia.Dyche@yopmail.com,doctor
1036,Amalie,Shelba,Amalie.Shelba@yopmail.com,developer
1037,Dulce,Daegal,Dulce.Daegal@yopmail.com,firefighter
1038,Florie,Sacken,Florie.Sacken@yopmail.com,developer
1039,Arlena,Chick,Arlena.Chick@yopmail.com,police officer
1040,Karena,Serilda,Karena.Serilda@yopmail.com,worker
1041,Charmaine,Graig,Charmaine.Graig@yopmail.com,worker
1042,Genevra,Shaver,Genevra.Shaver@yopmail.com,worker
1043,Ana,Howlyn,Ana.Howlyn@yopmail.com,worker
1044,Krystle,Fredi,Krystle.Fredi@yopmail.com,developer
1045,Darci,Rurik,Darci.Rurik@yopmail.com,police officer
1046,Fredericka,Skurnik,Fredericka.Skurnik@yopmail.com,police officer
1047,Janenna,Malvino,Janenna.Malvino@yopmail.com,doctor
1048,Marleah,Pettiford,Marleah.Pettiford@yopmail.com,police officer
1049,Cherilyn,Jarib,Cherilyn.Jarib@yopmail.com,doctor
1050,Selia,Barney,Selia.Barney@yopmail.com,worker
1051,Isa,Screens,Isa.Screens@yopmail.com,worker
1052,Annabela,Saree,Annabela.Saree@yopmail.com,worker
1053,Lesly,Colbert,Lesly.Colbert@yopmail.com,police officer
1054,Shel,Cottle,Shel.Cottle@yopmail.com,doctor
1055,Cassandra,Israeli,Cassandra.Israeli@yopmail.com,police officer
1056,Netty,Barbey,Netty.Barbey@yopmail.com,doctor
1057,Genevra,Jerald,Genevra.Jerald@yopmail.com,firefighter
1058,Rosaline,Stover,Rosaline.Stover@yopmail.com,worker
1059,Livvyy,Raama,Livvyy.Raama@yopmail.com,worker
1060,Nataline,Rudolph,Nataline.Rudolph@yopmail.com,worker
1061,Rozele,Hubert,Rozele.Hubert@yopmail.com,firefighter
1062,Viki,Lia,Viki.Lia@yopmail.com,doctor
1063,Harrietta,O'Carroll,Harrietta.O'Carroll@yopmail.com,police officer
1064,Shandie,Franza,Shandie.Franza@yopmail.com,firefighter
1065,Desirae,Chabot,Desirae.Chabot@yopmail.com,firefighter
1066,Sallie,Idelia,Sallie.Idelia@yopmail.com,developer
1067,Yvonne,Kat,Yvonne.Kat@yopmail.com,police officer
1068,Paule,Nea,Paule.Nea@yopmail.com,firefighter
1069,Danny,Neils,Danny.Neils@yopmail.com,firefighter
1070,Catharine,Sperling,Catharine.Sperling@yopmail.com,worker
1071,Meghann,Henrie,Meghann.Henrie@yopmail.com,police officer
1072,Janeczka,Hunfredo,Janeczka.Hunfredo@yopmail.com,developer
1073,Kaja,LaRue,Kaja.LaRue@yopmail.com,doctor
1074,Bill,Urias,Bill.Urias@yopmail.com,developer
1075,Arlina,Dosia,Arlina.Dosia@yopmail.com,developer
1076,Betta,Niccolo,Betta.Niccolo@yopmail.com,worker
1077,Cassandra,Elbertina,Cassandra.Elbertina@yopmail.com,worker
1078,Bibby,Paton,Bibby.Paton@yopmail.com,police officer
1079,Mariele,Emerson,Mariele.Emerson@yopmail.com,doctor
1080,Jasmina,Rebecka,Jasmina.Rebecka@yopmail.com,police officer
1081,Krystle,McLaughlin,Krystle.McLaughlin@yopmail.com,police officer
1082,Joelly,Jehu,Joelly.Jehu@yopmail.com,worker
1083,Rebeca,Lipson,Rebeca.Lipson@yopmail.com,worker
1084,Marsiella,Azeria,Marsiella.Azeria@yopmail.com,developer
1085,Siana,Jeanne,Siana.Jeanne@yopmail.com,police officer
1086,Darlleen,Poll,Darlleen.Poll@yopmail.com,firefighter
1087,Ardenia,Huggins,Ardenia.Huggins@yopmail.com,developer
1088,Jany,Hollingsworth,Jany.Hollingsworth@yopmail.com,developer
1089,Mildrid,Wolfgram,Mildrid.Wolfgram@yopmail.com,developer
1090,Vanessa,Ricki,Vanessa.Ricki@yopmail.com,firefighter
1091,Rozele,Avi,Rozele.Avi@yopmail.com,police officer
1092,Marcy,Anis,Marcy.Anis@yopmail.com,firefighter
1093,Ekaterina,Stacy,Ekaterina.Stacy@yopmail.com,worker
1094,Nariko,Dominy,Nariko.Dominy@yopmail.com,doctor
1095,Antonietta,Latini,Antonietta.Latini@yopmail.com,developer
1096,Kylynn,Dom,Kylynn.Dom@yopmail.com,firefighter
1097,Pearline,Zetta,Pearline.Zetta@yopmail.com,firefighter
1098,Joy,Riordan,Joy.Riordan@yopmail.com,doctor
1099,Rori,Duwalt,Rori.Duwalt@yopmail.com,doctor